"position","const","created","modified","description","Title","Title type","Directors","You rated","IMDb Rating","Runtime (mins)","Year","Genres","Num. Votes","Release Date (month/day/year)","URL"
"268","tt2095375","Sat Aug 24 01:56:57 2013","Sat Aug 24 01:56:57 2013","","Revenge: Suspicion","TV Episode","Bethany Rooney","","8.0","45","2011","drama, mystery, thriller","396","2011-11-23","http://www.imdb.com/title/tt2095375/"
"267","tt2095376","Sat Aug 24 01:56:30 2013","Sat Aug 24 01:56:30 2013","","Revenge: Treachery","TV Episode","Bobby Roth","","8.1","45","2011","drama, mystery, thriller","386","2011-11-16","http://www.imdb.com/title/tt2095376/"
"266","tt2063436","Sat Aug 24 01:55:58 2013","Sat Aug 24 01:55:58 2013","","Revenge: Charade","TV Episode","Sanford Bookstaver","","8.3","45","2011","drama, mystery, thriller","429","2011-11-02","http://www.imdb.com/title/tt2063436/"
"265","tt2055337","Sat Aug 24 01:55:41 2013","Sat Aug 24 01:55:41 2013","","Revenge: Intrigue","TV Episode","Tim Hunter","","8.0","45","2011","drama, mystery, thriller","414","2011-10-26","http://www.imdb.com/title/tt2055337/"
"264","tt2055336","Sat Aug 24 01:55:20 2013","Sat Aug 24 01:55:20 2013","","Revenge: Guilt","TV Episode","Kenneth Fink","","8.4","45","2011","drama, mystery, thriller","443","2011-10-19","http://www.imdb.com/title/tt2055336/"
"263","tt2041166","Sat Aug 24 01:54:56 2013","Sat Aug 24 01:54:56 2013","","Revenge: Duplicity","TV Episode","Matt Shakman","","8.0","45","2011","drama, mystery, thriller","447","2011-10-12","http://www.imdb.com/title/tt2041166/"
"262","tt2013051","Sat Aug 24 01:54:43 2013","Sat Aug 24 01:54:43 2013","","Revenge: Betrayal","TV Episode","Matt Earl Beesley","","8.0","45","2011","drama, mystery, thriller","461","2011-10-05","http://www.imdb.com/title/tt2013051/"
"261","tt2004891","Sat Aug 24 01:54:23 2013","Sat Aug 24 01:54:23 2013","","Revenge: Trust","TV Episode","Phillip Noyce","","8.0","45","2011","drama, mystery, thriller","512","2011-09-29","http://www.imdb.com/title/tt2004891/"
"260","tt1983802","Sat Aug 24 01:53:55 2013","Sat Aug 24 01:53:55 2013","","Revenge: Pilot","TV Episode","Phillip Noyce","","7.8","45","2011","drama, mystery, thriller","695","2011-09-21","http://www.imdb.com/title/tt1983802/"
"259","tt2325080","Fri Aug 23 15:34:26 2013","Fri Aug 23 15:34:26 2013","","Homeland: Q&A","TV Episode","Lesli Linka Glatter","","8.6","","2011","drama, mystery, thriller","1093","2012-10-28","http://www.imdb.com/title/tt2325080/"
"258","tt2385585","Fri Aug 23 15:34:03 2013","Fri Aug 23 15:34:03 2013","","Homeland: New Car Smell","TV Episode","David Semel","","8.7","","2011","drama, mystery, thriller","960","2012-10-21","http://www.imdb.com/title/tt2385585/"
"257","tt2385583","Fri Aug 23 13:01:39 2013","Fri Aug 23 13:01:39 2013","","Homeland: State of Independence","TV Episode","Lodge Kerrigan","","8.1","","2011","drama, mystery, thriller","897","2012-10-14","http://www.imdb.com/title/tt2385583/"
"256","tt3001740","Thu Aug 22 14:27:05 2013","Thu Aug 22 14:27:05 2013","","Burn Notice: Psychological Warfare","TV Episode","Larry Teng","","8.8","","2007","action, crime, drama, mystery, thriller","100","2013-07-25","http://www.imdb.com/title/tt3001740/"
"255","tt2624872","Thu Aug 22 14:24:46 2013","Thu Aug 22 14:24:46 2013","","Elementary: A Giant Gun, Filled with Drugs","TV Episode","Guy Ferland","","8.2","","2012","crime, drama, mystery","259","2013-02-07","http://www.imdb.com/title/tt2624872/"
"254","tt2624870","Thu Aug 22 14:24:03 2013","Thu Aug 22 14:24:03 2013","","Elementary: The Deductionist","TV Episode","John Polson","","8.1","","2012","crime, drama, mystery","278","2013-02-03","http://www.imdb.com/title/tt2624870/"
"253","tt2633196","Sat Aug 17 15:14:26 2013","Sat Aug 17 15:14:26 2013","","Once Upon a Time: And Straight on 'til Morning","TV Episode","Dean White","","8.6","","2011","adventure, drama, fantasy, romance","342","2013-05-12","http://www.imdb.com/title/tt2633196/"
"252","tt2633196","Sat Aug 17 14:23:18 2013","Sat Aug 17 14:23:18 2013","","Once Upon a Time: And Straight on 'til Morning","TV Episode","Dean White","","8.6","","2011","adventure, drama, fantasy, romance","342","2013-05-12","http://www.imdb.com/title/tt2633196/"
"251","tt2633192","Sat Aug 17 14:23:05 2013","Sat Aug 17 14:23:05 2013","","Once Upon a Time: Second Star to the Right","TV Episode","Ralph Hemecker","","8.2","","2011","adventure, drama, fantasy, romance","298","2013-05-05","http://www.imdb.com/title/tt2633192/"
"250","tt2633192","Sat Aug 17 13:00:53 2013","Sat Aug 17 13:00:53 2013","","Once Upon a Time: Second Star to the Right","TV Episode","Ralph Hemecker","","8.2","","2011","adventure, drama, fantasy, romance","298","2013-05-05","http://www.imdb.com/title/tt2633192/"
"249","tt2633194","Sat Aug 17 13:00:35 2013","Sat Aug 17 13:00:35 2013","","Once Upon a Time: The Evil Queen","TV Episode","Gwyneth Horder-Payton","","7.9","","2011","adventure, drama, fantasy, romance","248","2013-04-28","http://www.imdb.com/title/tt2633194/"
"248","tt2633188","Sat Aug 17 13:00:26 2013","Sat Aug 17 13:00:26 2013","","Once Upon a Time: Lacey","TV Episode","Milan Cheylov","","7.7","","2011","adventure, drama, fantasy, romance","265","2013-04-21","http://www.imdb.com/title/tt2633188/"
"247","tt2633190","Sat Aug 17 13:00:18 2013","Sat Aug 17 13:00:18 2013","","Once Upon a Time: Selfless, Brave and True","TV Episode","Ralph Hemecker","","7.6","","2011","adventure, drama, fantasy, romance","304","2013-03-24","http://www.imdb.com/title/tt2633190/"
"246","tt2633190","Sat Aug 17 10:17:20 2013","Sat Aug 17 10:17:20 2013","","Once Upon a Time: Selfless, Brave and True","TV Episode","Ralph Hemecker","","7.6","","2011","adventure, drama, fantasy, romance","304","2013-03-24","http://www.imdb.com/title/tt2633190/"
"245","tt2633182","Sat Aug 17 10:17:09 2013","Sat Aug 17 10:17:09 2013","","Once Upon a Time: Welcome to Storybrooke","TV Episode","David Barrett","","8.2","","2011","adventure, drama, fantasy, romance","338","2013-03-17","http://www.imdb.com/title/tt2633182/"
"244","tt2620930","Sat Aug 17 07:44:34 2013","Sat Aug 17 07:44:34 2013","","Once Upon a Time: The Miller's Daughter","TV Episode","Ralph Hemecker","","8.5","","2011","adventure, drama, fantasy, romance","390","2013-03-10","http://www.imdb.com/title/tt2620930/"
"243","tt2630488","Sat Aug 17 07:44:16 2013","Sat Aug 17 07:44:16 2013","","Once Upon a Time: The Queen Is Dead","TV Episode","Gwyneth Horder-Payton","","7.7","","2011","adventure, drama, fantasy, romance","334","2013-03-03","http://www.imdb.com/title/tt2630488/"
"242","tt2630486","Sat Aug 17 07:44:08 2013","Sat Aug 17 07:44:08 2013","","Once Upon a Time: Manhattan","TV Episode","Dean White","","8.6","","2011","adventure, drama, fantasy, romance","401","2013-02-17","http://www.imdb.com/title/tt2630486/"
"241","tt2588092","Sat Aug 17 07:43:56 2013","Sat Aug 17 07:43:56 2013","","Once Upon a Time: Tiny","TV Episode","Guy Ferland","","7.8","","2011","adventure, drama, fantasy, romance","328","2013-02-10","http://www.imdb.com/title/tt2588092/"
"240","tt2547418","Sat Aug 17 07:43:47 2013","Sat Aug 17 07:43:47 2013","","Once Upon a Time: In the Name of the Brother","TV Episode","Milan Cheylov","","7.8","","2011","adventure, drama, fantasy, romance","338","2013-01-20","http://www.imdb.com/title/tt2547418/"
"239","tt2536258","Fri Aug 16 12:20:55 2013","Fri Aug 16 12:20:55 2013","","Once Upon a Time: The Outsider","TV Episode","David Solomon","","8.1","","2011","adventure, drama, fantasy, romance","376","2013-01-13","http://www.imdb.com/title/tt2536258/"
"238","tt2478072","Fri Aug 16 10:56:42 2013","Fri Aug 16 10:56:42 2013","","Once Upon a Time: Queen of Hearts","TV Episode","Ralph Hemecker","","8.6","","2011","adventure, drama, fantasy, romance","445","2012-12-02","http://www.imdb.com/title/tt2478072/"
"237","tt2476644","Fri Aug 16 10:07:18 2013","Fri Aug 16 10:07:18 2013","","Once Upon a Time: Into the Deep","TV Episode","Ron Underwood","","7.8","","2011","adventure, drama, fantasy, romance","419","2012-11-25","http://www.imdb.com/title/tt2476644/"
"236","tt2458602","Fri Aug 16 10:06:56 2013","Fri Aug 16 10:06:56 2013","","Once Upon a Time: Child of the Moon","TV Episode","Anthony Hemingway","","7.8","","2011","adventure, drama, fantasy, romance","460","2012-11-11","http://www.imdb.com/title/tt2458602/"
"235","tt2458602","Fri Aug 16 10:01:58 2013","Fri Aug 16 10:01:58 2013","","Once Upon a Time: Child of the Moon","TV Episode","Anthony Hemingway","","7.8","","2011","adventure, drama, fantasy, romance","460","2012-11-11","http://www.imdb.com/title/tt2458602/"
"234","tt2401230","Fri Aug 16 10:01:51 2013","Fri Aug 16 10:01:51 2013","","Once Upon a Time: Tallahassee","TV Episode","David Barrett","","8.0","","2011","adventure, drama, fantasy, romance","522","2012-11-04","http://www.imdb.com/title/tt2401230/"
"233","tt2906896","Thu Aug 15 05:39:30 2013","Thu Aug 15 05:39:30 2013","","Perception: Asylum","TV Episode","Greg Beeman","","8.0","","2012","crime, drama, mystery, thriller","30","2013-08-13","http://www.imdb.com/title/tt2906896/"
"232","tt2898824","Thu Aug 15 05:39:21 2013","Thu Aug 15 05:39:21 2013","","Perception: Neuropositive","TV Episode","Andrew Bernstein","","7.1","","2012","crime, drama, mystery, thriller","39","2013-08-06","http://www.imdb.com/title/tt2898824/"
"231","tt2983988","Thu Aug 15 05:38:42 2013","Thu Aug 15 05:38:42 2013","","Suits: Shadow of a Doubt","TV Episode","Felix Alcala","","8.6","","2011","comedy, drama","186","2013-08-13","http://www.imdb.com/title/tt2983988/"
"230","tt2983986","Thu Aug 15 05:38:30 2013","Thu Aug 15 05:38:30 2013","","Suits: Conflict of Interest","TV Episode","Michael Smith","","8.7","","2011","comedy, drama","259","2013-08-06","http://www.imdb.com/title/tt2983986/"
"229","tt2359168","Wed Aug 14 12:53:32 2013","Wed Aug 14 12:53:32 2013","","Once Upon a Time: The Doctor","TV Episode","Paul Edwards","","7.8","","2011","adventure, drama, fantasy, romance","502","2012-10-28","http://www.imdb.com/title/tt2359168/"
"228","tt2371818","Wed Aug 14 12:53:23 2013","Wed Aug 14 12:53:23 2013","","Once Upon a Time: The Crocodile","TV Episode","David Solomon","","8.2","","2011","adventure, drama, fantasy, romance","584","2012-10-21","http://www.imdb.com/title/tt2371818/"
"227","tt2359174","Wed Aug 14 12:53:14 2013","Wed Aug 14 12:53:14 2013","","Once Upon a Time: Lady of the Lake","TV Episode","Milan Cheylov","","7.8","","2011","adventure, drama, fantasy, romance","535","2012-10-14","http://www.imdb.com/title/tt2359174/"
"226","tt2359202","Wed Aug 14 12:53:07 2013","Wed Aug 14 12:53:07 2013","","Once Upon a Time: We Are Both","TV Episode","Dean White","","7.9","","2011","adventure, drama, fantasy, romance","553","2012-10-07","http://www.imdb.com/title/tt2359202/"
"225","tt2216108","Wed Aug 14 12:52:58 2013","Wed Aug 14 12:52:58 2013","","Once Upon a Time: Broken","TV Episode","Ralph Hemecker","","8.3","","2011","adventure, drama, fantasy, romance","1014","2012-09-30","http://www.imdb.com/title/tt2216108/"
"224","tt2104525","Wed Aug 14 12:52:50 2013","Wed Aug 14 12:52:50 2013","","Once Upon a Time: A Land Without Magic","TV Episode","Dean White","","8.7","45","2011","adventure, drama, fantasy, romance","1019","2012-05-13","http://www.imdb.com/title/tt2104525/"
"223","tt2104524","Wed Aug 14 12:52:41 2013","Wed Aug 14 12:52:41 2013","","Once Upon a Time: An Apple Red as Blood","TV Episode","Milan Cheylov","","8.2","45","2011","adventure, drama, fantasy, romance","643","2012-05-06","http://www.imdb.com/title/tt2104524/"
"222","tt2104523","Wed Aug 14 12:52:32 2013","Wed Aug 14 12:52:32 2013","","Once Upon a Time: The Stranger","TV Episode","Gwyneth Horder-Payton","","8.2","45","2011","adventure, drama, fantasy, romance","633","2012-04-29","http://www.imdb.com/title/tt2104523/"
"221","tt2104522","Wed Aug 14 12:52:24 2013","Wed Aug 14 12:52:24 2013","","Once Upon a Time: The Return","TV Episode","Paul Edwards","","8.2","45","2011","adventure, drama, fantasy, romance","652","2012-04-22","http://www.imdb.com/title/tt2104522/"
"220","tt2104521","Wed Aug 14 12:52:13 2013","Wed Aug 14 12:52:13 2013","","Once Upon a Time: The Stable Boy","TV Episode","Dean White","","8.4","45","2011","adventure, drama, fantasy, romance","717","2012-04-01","http://www.imdb.com/title/tt2104521/"
"219","tt2104520","Wed Aug 14 12:52:05 2013","Wed Aug 14 12:52:05 2013","","Once Upon a Time: Hat Trick","TV Episode","Ralph Hemecker","","8.4","45","2011","adventure, drama, fantasy, romance","806","2012-03-25","http://www.imdb.com/title/tt2104520/"
"218","tt2104519","Wed Aug 14 12:51:55 2013","Wed Aug 14 12:51:55 2013","","Once Upon a Time: Heart of Darkness","TV Episode","Dean White","","8.0","45","2011","adventure, drama, fantasy, romance","638","2012-03-18","http://www.imdb.com/title/tt2104519/"
"217","tt2104518","Wed Aug 14 12:51:46 2013","Wed Aug 14 12:51:46 2013","","Once Upon a Time: Red-Handed","TV Episode","Ron Underwood","","8.4","45","2011","adventure, drama, fantasy, romance","754","2012-03-11","http://www.imdb.com/title/tt2104518/"
"216","tt1817273","Sun Aug 11 13:15:29 2013","Sun Aug 11 13:15:29 2013","","The Place Beyond the Pines","Feature Film","Derek Cianfrance","","7.5","140","2012","crime, drama","70735","2012-09-07","http://www.imdb.com/title/tt1817273/"
"215","tt2104517","Fri Aug  9 14:16:13 2013","Fri Aug  9 14:16:13 2013","","Once Upon a Time: Dreamy","TV Episode","David Solomon","","7.8","45","2011","adventure, drama, fantasy, romance","697","2012-03-04","http://www.imdb.com/title/tt2104517/"
"214","tt2104516","Fri Aug  9 14:15:47 2013","Fri Aug  9 14:15:47 2013","","Once Upon a Time: What Happened to Frederick","TV Episode","Dean White","","7.6","45","2011","adventure, drama, fantasy, romance","647","2012-02-19","http://www.imdb.com/title/tt2104516/"
"213","tt2104515","Fri Aug  9 14:15:35 2013","Fri Aug  9 14:15:35 2013","","Once Upon a Time: Skin Deep","TV Episode","Milan Cheylov","","8.6","45","2011","adventure, drama, fantasy, romance","970","2012-02-12","http://www.imdb.com/title/tt2104515/"
"212","tt2104515","Fri Aug  9 12:43:42 2013","Fri Aug  9 12:43:42 2013","","Once Upon a Time: Skin Deep","TV Episode","Milan Cheylov","","8.6","45","2011","adventure, drama, fantasy, romance","970","2012-02-12","http://www.imdb.com/title/tt2104515/"
"211","tt2104514","Fri Aug  9 11:06:50 2013","Fri Aug  9 11:06:50 2013","","Once Upon a Time: Fruit of the Poisonous Tree","TV Episode","Bryan Spicer","","7.8","45","2011","adventure, drama, fantasy, romance","698","2012-01-29","http://www.imdb.com/title/tt2104514/"
"210","tt2104513","Fri Aug  9 10:16:38 2013","Fri Aug  9 10:16:38 2013","","Once Upon a Time: 7:15 A.M.","TV Episode","Ralph Hemecker","","8.1","45","2011","adventure, drama, fantasy, romance","761","2012-01-22","http://www.imdb.com/title/tt2104513/"
"209","tt2081915","Fri Aug  9 09:35:48 2013","Fri Aug  9 09:35:48 2013","","Once Upon a Time: True North","TV Episode","Dean White","","7.8","45","2011","adventure, drama, fantasy, romance","777","2012-01-15","http://www.imdb.com/title/tt2081915/"
"208","tt2076579","Fri Aug  9 09:35:32 2013","Fri Aug  9 09:35:32 2013","","Once Upon a Time: Desperate Souls","TV Episode","Michael Waxman","","8.1","45","2011","adventure, drama, fantasy, romance","817","2012-01-08","http://www.imdb.com/title/tt2076579/"
"207","tt2083664","Fri Aug  9 09:35:21 2013","Fri Aug  9 09:35:21 2013","","Once Upon a Time: The Heart is a Lonely Hunter","TV Episode","David M. Barrett","","8.6","45","2011","adventure, drama, fantasy, romance","939","2011-12-11","http://www.imdb.com/title/tt2083664/"
"206","tt2083663","Fri Aug  9 09:35:11 2013","Fri Aug  9 09:35:11 2013","","Once Upon a Time: The Shepherd","TV Episode","Victor Nelli","","7.7","45","2011","adventure, drama, fantasy, romance","763","2011-12-04","http://www.imdb.com/title/tt2083663/"
"205","tt2083662","Fri Aug  9 09:35:01 2013","Fri Aug  9 09:35:01 2013","","Once Upon a Time: That Still Small Voice","TV Episode","Paul Edwards","","7.7","45","2011","adventure, drama, fantasy, romance","795","2011-11-27","http://www.imdb.com/title/tt2083662/"
"204","tt2033761","Fri Aug  9 09:34:53 2013","Fri Aug  9 09:34:53 2013","","Once Upon a Time: The Price of Gold","TV Episode","David Solomon","","7.7","45","2011","adventure, drama, fantasy, romance","877","2011-11-13","http://www.imdb.com/title/tt2033761/"
"203","tt2011727","Fri Aug  9 09:34:44 2013","Fri Aug  9 09:34:44 2013","","Once Upon a Time: Snow Falls","TV Episode","Dean White","","7.9","42","2011","adventure, drama, fantasy, romance","976","2011-11-06","http://www.imdb.com/title/tt2011727/"
"202","tt2002088","Fri Aug  9 09:34:33 2013","Fri Aug  9 09:34:33 2013","","Once Upon a Time: The Thing You Love Most","TV Episode","Greg Beeman","","7.8","41","2011","adventure, drama, fantasy, romance","1013","2011-10-30","http://www.imdb.com/title/tt2002088/"
"201","tt1983723","Fri Aug  9 09:34:22 2013","Fri Aug  9 09:34:22 2013","","Once Upon a Time: Pilot","TV Episode","Mark Mylod","","7.9","42","2011","adventure, drama, fantasy, romance","1480","2011-10-23","http://www.imdb.com/title/tt1983723/"
"200","tt2011727","Wed Aug  7 13:23:37 2013","Wed Aug  7 13:23:37 2013","","Once Upon a Time: Snow Falls","TV Episode","Dean White","","7.9","42","2011","adventure, drama, fantasy, romance","976","2011-11-06","http://www.imdb.com/title/tt2011727/"
"199","tt2002088","Wed Aug  7 12:42:28 2013","Wed Aug  7 12:42:28 2013","","Once Upon a Time: The Thing You Love Most","TV Episode","Greg Beeman","","7.8","41","2011","adventure, drama, fantasy, romance","1013","2011-10-30","http://www.imdb.com/title/tt2002088/"
"198","tt1983723","Wed Aug  7 12:42:00 2013","Wed Aug  7 12:42:00 2013","","Once Upon a Time: Pilot","TV Episode","Mark Mylod","","7.9","42","2011","adventure, drama, fantasy, romance","1480","2011-10-23","http://www.imdb.com/title/tt1983723/"
"197","tt2821664","Wed Aug  7 09:18:00 2013","Wed Aug  7 09:18:00 2013","","True Blood: In the Evening","TV Episode","Scott Winant","","8.0","","2008","drama, fantasy, mystery, romance, thriller","318","2013-07-28","http://www.imdb.com/title/tt2821664/"
"196","tt2806510","Wed Aug  7 09:17:45 2013","Wed Aug  7 09:17:45 2013","","True Blood: Don't You Feel Me","TV Episode","Howard Deutch","","8.5","","2008","drama, fantasy, mystery, romance, thriller","376","2013-07-21","http://www.imdb.com/title/tt2806510/"
"195","tt2762770","Wed Aug  7 09:17:36 2013","Wed Aug  7 09:17:36 2013","","True Blood: F**K the Pain Away","TV Episode","Michael Ruscio","","8.3","","2008","drama, fantasy, mystery, romance, thriller","406","2013-07-14","http://www.imdb.com/title/tt2762770/"
"194","tt2758746","Wed Aug  7 09:17:26 2013","Wed Aug  7 09:17:26 2013","","True Blood: At Last","TV Episode","Anthony Hemingway","","8.5","","2008","drama, fantasy, mystery, romance, thriller","434","2013-07-07","http://www.imdb.com/title/tt2758746/"
"193","tt0844441","Wed Aug  7 09:03:20 2013","Wed Aug  7 09:03:20 2013","","True Blood","TV Series","","6","7.9","60","2008","drama, fantasy, mystery, romance, thriller","114189","2008-09-07","http://www.imdb.com/title/tt0844441/"
"192","tt2758746","Tue Aug  6 13:35:40 2013","Tue Aug  6 13:35:40 2013","","True Blood: At Last","TV Episode","Anthony Hemingway","","8.5","","2008","drama, fantasy, mystery, romance, thriller","434","2013-07-07","http://www.imdb.com/title/tt2758746/"
"191","tt2677194","Tue Aug  6 13:35:27 2013","Tue Aug  6 13:35:27 2013","","True Blood: You're No Good","TV Episode","Howard Deutch","","7.8","","2008","drama, fantasy, mystery, romance, thriller","387","2013-06-30","http://www.imdb.com/title/tt2677194/"
"190","tt2629662","Tue Aug  6 13:35:15 2013","Tue Aug  6 13:35:15 2013","","True Blood: The Sun","TV Episode","Daniel Attias","","8.0","","2008","drama, fantasy, mystery, romance, thriller","453","2013-06-23","http://www.imdb.com/title/tt2629662/"
"189","tt2288524","Tue Aug  6 13:35:05 2013","Tue Aug  6 13:35:05 2013","","True Blood: Who Are You, Really?","TV Episode","Stephen Moyer","","8.1","","2008","drama, fantasy, mystery, romance, thriller","818","2013-06-16","http://www.imdb.com/title/tt2288524/"
"188","tt2781660","Tue Aug  6 11:42:40 2013","Tue Aug  6 11:42:40 2013","","Beauty and the Beast: Never Turn Back","TV Episode","Rick Bota","","8.7","","2012","drama, thriller","185","2013-05-16","http://www.imdb.com/title/tt2781660/"
"187","tt2781660","Tue Aug  6 10:38:52 2013","Tue Aug  6 10:38:52 2013","","Beauty and the Beast: Never Turn Back","TV Episode","Rick Bota","","8.7","","2012","drama, thriller","185","2013-05-16","http://www.imdb.com/title/tt2781660/"
"186","tt2781636","Tue Aug  6 10:27:23 2013","Tue Aug  6 10:27:23 2013","","Beauty and the Beast: Date Night","TV Episode","Kevin Fair","","8.5","","2012","drama, thriller","169","2013-05-09","http://www.imdb.com/title/tt2781636/"
"185","tt2781636","Tue Aug  6 09:53:26 2013","Tue Aug  6 09:53:26 2013","","Beauty and the Beast: Date Night","TV Episode","Kevin Fair","","8.5","","2012","drama, thriller","169","2013-05-09","http://www.imdb.com/title/tt2781636/"
"184","tt2781608","Tue Aug  6 09:53:13 2013","Tue Aug  6 09:53:13 2013","","Beauty and the Beast: Anniversary","TV Episode","Mairzee Almas","","8.3","","2012","drama, thriller","196","2013-05-02","http://www.imdb.com/title/tt2781608/"
"183","tt2781602","Tue Aug  6 09:53:05 2013","Tue Aug  6 09:53:05 2013","","Beauty and the Beast: Playing with Fire","TV Episode","Mike Rohl","","8.1","","2012","drama, thriller","185","2013-04-25","http://www.imdb.com/title/tt2781602/"
"182","tt2781598","Tue Aug  6 09:52:57 2013","Tue Aug  6 09:52:57 2013","","Beauty and the Beast: Heart of Darkness","TV Episode","Scott Peters","","8.7","","2012","drama, thriller","249","2013-04-18","http://www.imdb.com/title/tt2781598/"
"181","tt2781630","Tue Aug  6 09:52:49 2013","Tue Aug  6 09:52:49 2013","","Beauty and the Beast: Partners in Crime","TV Episode","Rick Rosenthal","","8.6","","2012","drama, thriller","322","2013-03-28","http://www.imdb.com/title/tt2781630/"
"180","tt2672060","Mon Aug  5 14:12:29 2013","Mon Aug  5 14:12:29 2013","","Beauty and the Beast: Insatiable","TV Episode","Lee Rose","","8.4","","2012","drama, thriller","395","2013-03-21","http://www.imdb.com/title/tt2672060/"
"179","tt2672060","Mon Aug  5 10:14:11 2013","Mon Aug  5 10:14:11 2013","","Beauty and the Beast: Insatiable","TV Episode","Lee Rose","","8.4","","2012","drama, thriller","395","2013-03-21","http://www.imdb.com/title/tt2672060/"
"178","tt2645840","Mon Aug  5 08:27:51 2013","Mon Aug  5 08:27:51 2013","","Beauty and the Beast: Any Means Possible","TV Episode","Steven A. Adelson","","8.5","","2012","drama, thriller","447","2013-03-14","http://www.imdb.com/title/tt2645840/"
"177","tt2612474","Mon Aug  5 07:25:06 2013","Mon Aug  5 07:25:06 2013","","Beauty and the Beast: Tough Love","TV Episode","Bradley Walsh","","8.3","","2012","drama, thriller","462","2013-02-21","http://www.imdb.com/title/tt2612474/"
"176","tt2560906","Mon Aug  5 06:31:59 2013","Mon Aug  5 06:31:59 2013","","Beauty and the Beast: Trust No One","TV Episode","Bobby Roth","","8.4","","2012","drama, thriller","437","2013-02-14","http://www.imdb.com/title/tt2560906/"
"175","tt2675312","Mon Aug  5 06:31:46 2013","Mon Aug  5 06:31:46 2013","","Beauty and the Beast: Cold Turkey","TV Episode","Fred Gerber","","8.4","","2012","drama, thriller","410","2013-02-07","http://www.imdb.com/title/tt2675312/"
"174","tt2608314","Sun Aug  4 13:55:17 2013","Sun Aug  4 13:55:17 2013","","Beauty and the Beast: On Thin Ice","TV Episode","Mike Rohl","","8.1","","2012","drama, thriller","441","2013-01-31","http://www.imdb.com/title/tt2608314/"
"173","tt2518858","Sun Aug  4 13:02:27 2013","Sun Aug  4 13:02:27 2013","","Beauty and the Beast: Seeing Red","TV Episode","Rick Bota","","8.5","","2012","drama, thriller","497","2013-01-24","http://www.imdb.com/title/tt2518858/"
"172","tt2518858","Sun Aug  4 12:38:24 2013","Sun Aug  4 12:38:24 2013","","Beauty and the Beast: Seeing Red","TV Episode","Rick Bota","","8.5","","2012","drama, thriller","497","2013-01-24","http://www.imdb.com/title/tt2518858/"
"171","tt2506764","Sun Aug  4 12:38:13 2013","Sun Aug  4 12:38:13 2013","","Beauty and the Beast: Bridesmaid Up!","TV Episode","Mairzee Almas","","8.5","","2012","drama, thriller","568","2012-12-13","http://www.imdb.com/title/tt2506764/"
"170","tt2489216","Sun Aug  4 12:38:02 2013","Sun Aug  4 12:38:02 2013","","Beauty and the Beast: Trapped","TV Episode","Paul Fox","","8.2","","2012","drama, thriller","497","2012-12-06","http://www.imdb.com/title/tt2489216/"
"169","tt2489216","Sun Aug  4 11:05:16 2013","Sun Aug  4 11:05:16 2013","","Beauty and the Beast: Trapped","TV Episode","Paul Fox","","8.2","","2012","drama, thriller","497","2012-12-06","http://www.imdb.com/title/tt2489216/"
"168","tt2543928","Sun Aug  4 11:05:07 2013","Sun Aug  4 11:05:07 2013","","Beauty and the Beast: Out of Control","TV Episode","Rick Bota","","8.3","","2012","drama, thriller","474","2012-11-29","http://www.imdb.com/title/tt2543928/"
"167","tt2543928","Sun Aug  4 10:14:17 2013","Sun Aug  4 10:14:17 2013","","Beauty and the Beast: Out of Control","TV Episode","Rick Bota","","8.3","","2012","drama, thriller","474","2012-11-29","http://www.imdb.com/title/tt2543928/"
"166","tt2487188","Sun Aug  4 10:13:12 2013","Sun Aug  4 10:13:12 2013","","Beauty and the Beast: Worth","TV Episode","Kevin Fair","","8.4","","2012","drama, thriller","532","2012-11-15","http://www.imdb.com/title/tt2487188/"
"165","tt2470800","Sun Aug  4 09:08:45 2013","Sun Aug  4 09:08:45 2013","","Beauty and the Beast: Saturn Returns","TV Episode","Steven A. Adelson","","8.1","","2012","drama, thriller","539","2012-11-08","http://www.imdb.com/title/tt2470800/"
"164","tt2450458","Sun Aug  4 09:08:35 2013","Sun Aug  4 09:08:35 2013","","Beauty and the Beast: Basic Instinct","TV Episode","Bradley Walsh","","8.2","","2012","drama, thriller","513","2012-11-01","http://www.imdb.com/title/tt2450458/"
"163","tt2450458","Sat Aug  3 14:03:13 2013","Sat Aug  3 14:03:13 2013","","Beauty and the Beast: Basic Instinct","TV Episode","Bradley Walsh","","8.2","","2012","drama, thriller","513","2012-11-01","http://www.imdb.com/title/tt2450458/"
"162","tt2341986","Sat Aug  3 13:37:09 2013","Sat Aug  3 13:37:09 2013","","Beauty and the Beast: All In","TV Episode","P.J. Pesce","","7.7","","2012","drama, thriller","534","2012-10-25","http://www.imdb.com/title/tt2341986/"
"161","tt2341980","Sat Aug  3 13:37:00 2013","Sat Aug  3 13:37:00 2013","","Beauty and the Beast: Proceed with Caution","TV Episode","Rick Bota","","7.8","","2012","drama, thriller","577","2012-10-18","http://www.imdb.com/title/tt2341980/"
"160","tt2341980","Sat Aug  3 12:48:08 2013","Sat Aug  3 12:48:08 2013","","Beauty and the Beast: Proceed with Caution","TV Episode","Rick Bota","","7.8","","2012","drama, thriller","577","2012-10-18","http://www.imdb.com/title/tt2341980/"
"159","tt2194824","Sat Aug  3 11:26:40 2013","Sat Aug  3 11:26:40 2013","","Beauty and the Beast: Pilot","TV Episode","Gary Fleder","","7.3","45","2012","drama, thriller","667","2012-10-11","http://www.imdb.com/title/tt2194824/"
"158","tt2788772","Sat Aug  3 08:57:53 2013","Sat Aug  3 08:57:53 2013","","Hart of Dixie: On the Road Again","TV Episode","Tim Matheson","","7.9","","2011","comedy, drama, romance","58","2013-05-07","http://www.imdb.com/title/tt2788772/"
"157","tt2804008","Sat Aug  3 08:13:54 2013","Sat Aug  3 08:13:54 2013","","Hart of Dixie: I'm Moving On","TV Episode","Janice Cooke","","7.7","","2011","comedy, drama, romance","39","2013-04-30","http://www.imdb.com/title/tt2804008/"
"156","tt2804006","Sat Aug  3 08:13:43 2013","Sat Aug  3 08:13:43 2013","","Hart of Dixie: If Tomorrow Never Comes","TV Episode","Jim Hayman","","7.7","","2011","comedy, drama, romance","42","2013-04-23","http://www.imdb.com/title/tt2804006/"
"155","tt2732372","Sat Aug  3 08:12:19 2013","Sat Aug  3 08:12:19 2013","","Hart of Dixie: The Kiss","TV Episode","Bethany Rooney","","8.2","","2011","comedy, drama, romance","43","2013-04-16","http://www.imdb.com/title/tt2732372/"
"154","tt2739514","Sat Aug  3 08:12:00 2013","Sat Aug  3 08:12:00 2013","","Hart of Dixie: Why Don't We Get Drunk?","TV Episode","Rebecca Asher","","7.9","","2011","comedy, drama, romance","41","2013-04-09","http://www.imdb.com/title/tt2739514/"
"153","tt2644702","Sat Aug  3 08:11:47 2013","Sat Aug  3 08:11:47 2013","","Hart of Dixie: We Are Never Ever Getting Back Together","TV Episode","David Paymer","","8.0","","2011","comedy, drama, romance","58","2013-03-05","http://www.imdb.com/title/tt2644702/"
"152","tt2644704","Fri Aug  2 10:49:40 2013","Fri Aug  2 10:49:40 2013","","Hart of Dixie: Where I Lead Me","TV Episode","Kevin Mock","","7.8","","2011","comedy, drama, romance","65","2013-02-26","http://www.imdb.com/title/tt2644704/"
"151","tt2611214","Fri Aug  2 10:07:11 2013","Fri Aug  2 10:07:11 2013","","Hart of Dixie: The Gambler","TV Episode","Jim Hayman","","8.1","","2011","comedy, drama, romance","65","2013-02-19","http://www.imdb.com/title/tt2611214/"
"150","tt2639298","Fri Aug  2 10:07:02 2013","Fri Aug  2 10:07:02 2013","","Hart of Dixie: Take Me Home, Country Roads","TV Episode","Jeremiah Chechik","","8.5","","2011","comedy, drama, romance","64","2013-02-05","http://www.imdb.com/title/tt2639298/"
"149","tt2545926","Fri Aug  2 10:06:53 2013","Fri Aug  2 10:06:53 2013","","Hart of Dixie: Lovesick Blues","TV Episode","Ron Lagomarsino","","8.6","","2011","comedy, drama, romance","73","2013-01-29","http://www.imdb.com/title/tt2545926/"
"148","tt2508228","Fri Aug  2 04:57:20 2013","Fri Aug  2 04:57:20 2013","","Hart of Dixie: Islands in the Stream","TV Episode","Joe Lazarov","","8.1","","2011","comedy, drama, romance","65","2013-01-22","http://www.imdb.com/title/tt2508228/"
"147","tt2956120","Fri Aug  2 03:51:30 2013","Fri Aug  2 03:51:30 2013","","Perception: Defective","TV Episode","Andrew Bernstein","","8.1","","2012","crime, drama, mystery, thriller","42","2013-07-30","http://www.imdb.com/title/tt2956120/"
"146","tt2983982","Fri Aug  2 03:50:24 2013","Fri Aug  2 03:50:24 2013","","Suits: Unfinished Business","TV Episode","Anton Cropper","","8.7","","2011","comedy, drama","334","2013-07-30","http://www.imdb.com/title/tt2983982/"
"145","tt1345836","Wed Jul 31 02:00:58 2013","Wed Jul 31 02:00:58 2013","","The Dark Knight Rises","Feature Film","Christopher Nolan","","8.6","165","2012","action, crime, thriller","650149","2012-07-16","http://www.imdb.com/title/tt1345836/"
"144","tt2549876","Tue Jul 30 12:23:18 2013","Tue Jul 30 12:23:18 2013","","Hart of Dixie: Old Alabama","TV Episode","David Paymer","","8.6","","2011","comedy, drama, romance","67","2013-01-15","http://www.imdb.com/title/tt2549876/"
"143","tt2504180","Tue Jul 30 12:23:06 2013","Tue Jul 30 12:23:06 2013","","Hart of Dixie: Blue Christmas","TV Episode","Patrick Norris","","9.0","","2011","comedy, drama, romance","87","2012-12-11","http://www.imdb.com/title/tt2504180/"
"142","tt2446374","Mon Jul 29 07:20:21 2013","Mon Jul 29 07:20:21 2013","","Hart of Dixie: Sparks Fly","TV Episode","Norman Buckley","","8.7","","2011","comedy, drama, romance","76","2012-12-04","http://www.imdb.com/title/tt2446374/"
"141","tt2475836","Sun Jul 28 13:19:33 2013","Sun Jul 28 13:19:33 2013","","Hart of Dixie: Baby, Don't Get Hooked on Me","TV Episode","Michael Schultz","","8.3","","2011","comedy, drama, romance","67","2012-11-20","http://www.imdb.com/title/tt2475836/"
"140","tt2372822","Sun Jul 28 11:46:31 2013","Sun Jul 28 11:46:31 2013","","Hart of Dixie: I Walk the Line","TV Episode","Tim Matheson","","8.6","","2011","comedy, drama, romance","76","2012-11-13","http://www.imdb.com/title/tt2372822/"
"139","tt2392242","Sun Jul 28 11:11:22 2013","Sun Jul 28 11:11:22 2013","","Hart of Dixie: Walkin' After Midnight","TV Episode","Joe Lazarov","","8.4","","2011","comedy, drama, romance","85","2012-10-30","http://www.imdb.com/title/tt2392242/"
"138","tt2392242","Sun Jul 28 10:52:12 2013","Sun Jul 28 10:52:12 2013","","Hart of Dixie: Walkin' After Midnight","TV Episode","Joe Lazarov","","8.4","","2011","comedy, drama, romance","85","2012-10-30","http://www.imdb.com/title/tt2392242/"
"137","tt2372812","Sun Jul 28 10:03:45 2013","Sun Jul 28 10:03:45 2013","","Hart of Dixie: Suspicious Minds","TV Episode","John Stephens","","8.5","","2011","comedy, drama, romance","82","2012-10-23","http://www.imdb.com/title/tt2372812/"
"136","tt2424866","Sun Jul 28 10:03:29 2013","Sun Jul 28 10:03:29 2013","","Hart of Dixie: If It Makes You Happy","TV Episode","Elodie Keene","","8.7","","2011","comedy, drama, romance","86","2012-10-16","http://www.imdb.com/title/tt2424866/"
"135","tt2372818","Sun Jul 28 08:42:29 2013","Sun Jul 28 08:42:29 2013","","Hart of Dixie: Always on My Mind","TV Episode","Anton Cropper","","8.6","","2011","comedy, drama, romance","95","2012-10-09","http://www.imdb.com/title/tt2372818/"
"134","tt2399805","Sun Jul 28 08:19:45 2013","Sun Jul 28 08:19:45 2013","","Hart of Dixie: I Fall to Pieces","TV Episode","Tim Matheson","","8.3","","2011","comedy, drama, romance","155","2012-10-02","http://www.imdb.com/title/tt2399805/"
"133","tt2127836","Sun Jul 28 08:19:34 2013","Sun Jul 28 08:19:34 2013","","Hart of Dixie: The Big Day","TV Episode","Tim Matheson","","8.3","42","2011","comedy, drama, romance","135","2012-05-14","http://www.imdb.com/title/tt2127836/"
"132","tt2127835","Sun Jul 28 08:19:23 2013","Sun Jul 28 08:19:23 2013","","Hart of Dixie: Disaster Drills & Departures","TV Episode","Jeremiah Chechik","","8.4","42","2011","comedy, drama, romance","90","2012-05-07","http://www.imdb.com/title/tt2127835/"
"131","tt2127834","Sun Jul 28 08:19:12 2013","Sun Jul 28 08:19:12 2013","","Hart of Dixie: The Race & the Relationship","TV Episode","Ron Lagomarsino","","8.1","42","2011","comedy, drama, romance","86","2012-04-30","http://www.imdb.com/title/tt2127834/"
"130","tt2127833","Sun Jul 28 04:08:07 2013","Sun Jul 28 04:08:07 2013","","Hart of Dixie: Destiny & Denial","TV Episode","David Paymer","","7.7","42","2011","comedy, drama, romance","101","2012-04-23","http://www.imdb.com/title/tt2127833/"
"129","tt2127832","Sun Jul 28 03:01:46 2013","Sun Jul 28 03:01:46 2013","","Hart of Dixie: Bachelorettes & Bullets","TV Episode","Patrick Norris","","7.8","42","2011","comedy, drama, romance","106","2012-04-16","http://www.imdb.com/title/tt2127832/"
"128","tt2624868","Sat Jul 27 14:46:17 2013","Sat Jul 27 14:46:17 2013","","Elementary: The Red Team","TV Episode","Christine Moore","","7.5","","2012","crime, drama, mystery","267","2013-01-31","http://www.imdb.com/title/tt2624868/"
"127","tt2579692","Sat Jul 27 14:45:59 2013","Sat Jul 27 14:45:59 2013","","Elementary: M.","TV Episode","John Polson","","8.5","","2012","crime, drama, mystery","461","2013-01-10","http://www.imdb.com/title/tt2579692/"
"126","tt2570712","Sat Jul 27 14:45:27 2013","Sat Jul 27 14:45:27 2013","","Elementary: Dirty Laundry","TV Episode","John David Coles","","7.6","","2012","crime, drama, mystery","289","2013-01-03","http://www.imdb.com/title/tt2570712/"
"125","tt3001732","Sat Jul 27 14:43:45 2013","Sat Jul 27 14:43:45 2013","","Burn Notice: All or Nothing","TV Episode","Jonathan Frakes","","8.3","","2007","action, crime, drama, mystery, thriller","76","2013-07-18","http://www.imdb.com/title/tt3001732/"
"124","tt2860900","Sat Jul 27 14:43:24 2013","Sat Jul 27 14:43:24 2013","","Burn Notice: Exit Plan","TV Episode","Marc Roskin","","8.7","","2007","action, crime, drama, mystery, thriller","82","2013-07-11","http://www.imdb.com/title/tt2860900/"
"123","tt2127830","Sat Jul 27 08:23:02 2013","Sat Jul 27 08:23:02 2013","","Hart of Dixie: Tributes & Triangles","TV Episode","Joe Lazarov","","8.3","42","2011","comedy, drama, romance","88","2012-02-27","http://www.imdb.com/title/tt2127830/"
"122","tt2127829","Sat Jul 27 08:22:47 2013","Sat Jul 27 08:22:47 2013","","Hart of Dixie: Snowflakes & Soulmates","TV Episode","Andy Wolk","","8.0","42","2011","comedy, drama, romance","83","2012-02-20","http://www.imdb.com/title/tt2127829/"
"121","tt2127828","Sat Jul 27 04:07:50 2013","Sat Jul 27 04:07:50 2013","","Hart of Dixie: Aliens & Aliases","TV Episode","Tom Amandes","","7.7","42","2011","comedy, drama, romance","90","2012-02-13","http://www.imdb.com/title/tt2127828/"
"120","tt1993904","Sat Jul 27 02:16:15 2013","Sat Jul 27 02:16:15 2013","","Hart of Dixie: Sweetie Pies & Sweaty Palms","TV Episode","Patrick Norris","","7.8","42","2011","comedy, drama, romance","85","2012-02-06","http://www.imdb.com/title/tt1993904/"
"119","tt1993903","Sat Jul 27 02:16:03 2013","Sat Jul 27 02:16:03 2013","","Hart of Dixie: Mistress & Misunderstandings","TV Episode","James Hayman","","8.0","42","2011","comedy, drama, romance","95","2012-01-30","http://www.imdb.com/title/tt1993903/"
"118","tt1993902","Fri Jul 26 08:03:37 2013","Fri Jul 26 08:03:37 2013","","Hart of Dixie: Hell's Belles","TV Episode","Janice Cooke","","7.6","42","2011","comedy, drama, romance","112","2012-01-23","http://www.imdb.com/title/tt1993902/"
"117","tt1993901","Fri Jul 26 06:56:03 2013","Fri Jul 26 06:56:03 2013","","Hart of Dixie: Hairdos & Holidays","TV Episode","David Paymer","","7.5","42","2011","comedy, drama, romance","114","2011-12-05","http://www.imdb.com/title/tt1993901/"
"116","tt2517610","Thu Jul 25 11:48:35 2013","Thu Jul 25 11:48:35 2013","","Elementary: The Leviathan","TV Episode","Peter Werner","","7.8","","2012","crime, drama, mystery","281","2012-12-13","http://www.imdb.com/title/tt2517610/"
"115","tt2900778","Thu Jul 25 07:56:25 2013","Thu Jul 25 07:56:25 2013","","Perception: Caleidoscope","TV Episode","Christopher Misiano","","8.0","","2012","crime, drama, mystery, thriller","44","2013-07-23","http://www.imdb.com/title/tt2900778/"
"114","tt2850832","Thu Jul 25 07:55:32 2013","Thu Jul 25 07:55:32 2013","","Suits: I Want You to Want Me","TV Episode","Roger Kumble","","8.7","","2011","comedy, drama","347","2013-07-23","http://www.imdb.com/title/tt2850832/"
"113","tt1993911","Tue Jul 23 10:01:50 2013","Tue Jul 23 10:01:50 2013","","Hart of Dixie: Homecoming & Coming Home","TV Episode","Jeremiah Chechik","","7.8","45","2011","comedy, drama, romance","98","2011-11-21","http://www.imdb.com/title/tt1993911/"
"112","tt1993910","Tue Jul 23 09:45:46 2013","Tue Jul 23 09:45:46 2013","","Hart of Dixie: The Crush & the Crossbow","TV Episode","David Paymer","","7.4","42","2011","comedy, drama, romance","111","2011-11-14","http://www.imdb.com/title/tt1993910/"
"111","tt1993909","Tue Jul 23 08:23:04 2013","Tue Jul 23 08:23:04 2013","","Hart of Dixie: The Undead & The Unsaid","TV Episode","Tom Amandes","","7.6","42","2011","comedy, drama, romance","113","2011-11-07","http://www.imdb.com/title/tt1993909/"
"110","tt1993908","Tue Jul 23 08:22:41 2013","Tue Jul 23 08:22:41 2013","","Hart of Dixie: Faith & Infidelity","TV Episode","Ron Lagomarsino","","7.4","42","2011","comedy, drama, romance","104","2011-10-24","http://www.imdb.com/title/tt1993908/"
"109","tt2494318","Mon Jul 22 14:16:17 2013","Mon Jul 22 14:16:17 2013","","Elementary: The Long Fuse","TV Episode","Andrew Bernstein","","8.0","","2012","crime, drama, mystery","304","2012-11-29","http://www.imdb.com/title/tt2494318/"
"108","tt2481598","Mon Jul 22 14:15:00 2013","Mon Jul 22 14:15:00 2013","","Elementary: One Way to Get Off","TV Episode","Seith Mann","","7.8","","2012","crime, drama, mystery","313","2012-11-15","http://www.imdb.com/title/tt2481598/"
"107","tt1993907","Sat Jul 20 08:34:15 2013","Sat Jul 20 08:34:15 2013","","Hart of Dixie: In Havoc & In Heat","TV Episode","David Paymer","","7.6","42","2011","comedy, drama, romance","127","2011-10-17","http://www.imdb.com/title/tt1993907/"
"106","tt1993906","Sat Jul 20 07:16:18 2013","Sat Jul 20 07:16:18 2013","","Hart of Dixie: Gumbo & Glory","TV Episode","Andrew McCarthy","","7.3","42","2011","comedy, drama, romance","120","2011-10-10","http://www.imdb.com/title/tt1993906/"
"105","tt1993905","Sat Jul 20 07:16:08 2013","Sat Jul 20 07:16:08 2013","","Hart of Dixie: Parades & Pariahs","TV Episode","Jason Ensler","","7.6","42","2011","comedy, drama, romance","134","2011-10-03","http://www.imdb.com/title/tt1993905/"
"104","tt1946928","Sat Jul 20 07:15:44 2013","Sat Jul 20 07:15:44 2013","","Hart of Dixie: Pilot","TV Episode","Jason Ensler","","7.2","42","2011","comedy, drama, romance","186","2011-09-26","http://www.imdb.com/title/tt1946928/"
"103","tt2629662","Thu Jul 18 05:32:03 2013","Thu Jul 18 05:32:03 2013","","True Blood: The Sun","TV Episode","Daniel Attias","","8.0","","2008","drama, fantasy, mystery, romance, thriller","453","2013-06-23","http://www.imdb.com/title/tt2629662/"
"102","tt1232256","Thu Jul 18 05:19:37 2013","Thu Jul 18 05:19:37 2013","","Breaking Bad: 4 Days Out","TV Episode","Michelle MacLaren","","9.0","","2008","crime, drama, thriller","1814","2009-05-03","http://www.imdb.com/title/tt1232256/"
"101","tt2473822","Wed Jul 17 11:44:17 2013","Wed Jul 17 11:44:17 2013","","Elementary: Flight Risk","TV Episode","David Platt","","7.8","","2012","crime, drama, mystery","333","2012-11-08","http://www.imdb.com/title/tt2473822/"
"100","tt2878742","Wed Jul 17 10:32:50 2013","Wed Jul 17 10:32:50 2013","","Perception: Toxic","TV Episode","Jeff Woolnough","","8.4","","2012","crime, drama, mystery, thriller","50","2013-07-16","http://www.imdb.com/title/tt2878742/"
"99","tt2529130","Wed Jul 17 10:32:05 2013","Wed Jul 17 10:32:05 2013","","Suits: The Arrangement","TV Episode","Christopher Misiano","","8.7","","2011","comedy, drama","785","2013-07-16","http://www.imdb.com/title/tt2529130/"
"98","tt1232255","Tue Jul 16 12:13:39 2013","Tue Jul 16 12:13:39 2013","","Breaking Bad: Better Call Saul","TV Episode","Terry McDonough","","9.0","","2008","crime, drama, thriller","1805","2009-04-26","http://www.imdb.com/title/tt1232255/"
"97","tt1232254","Tue Jul 16 12:13:31 2013","Tue Jul 16 12:13:31 2013","","Breaking Bad: Negro Y Azul","TV Episode","Felix Alcala","","8.6","","2008","crime, drama, thriller","1666","2009-04-19","http://www.imdb.com/title/tt1232254/"
"96","tt1232253","Tue Jul 16 12:13:22 2013","Tue Jul 16 12:13:22 2013","","Breaking Bad: Peekaboo","TV Episode","Peter Medak","","8.8","","2008","crime, drama, thriller","1820","2009-04-12","http://www.imdb.com/title/tt1232253/"
"95","tt1232252","Tue Jul 16 12:13:15 2013","Tue Jul 16 12:13:15 2013","","Breaking Bad: Breakage","TV Episode","Johan Renck","","8.2","","2008","crime, drama, thriller","1557","2009-04-05","http://www.imdb.com/title/tt1232252/"
"94","tt1232251","Tue Jul 16 12:13:06 2013","Tue Jul 16 12:13:06 2013","","Breaking Bad: Down","TV Episode","John Dahl","","8.2","45","2008","crime, drama, thriller","1617","2009-03-29","http://www.imdb.com/title/tt1232251/"
"93","tt1232250","Tue Jul 16 12:12:55 2013","Tue Jul 16 12:12:55 2013","","Breaking Bad: Bit by a Dead Bee","TV Episode","Terry McDonough","","8.3","","2008","crime, drama, thriller","1610","2009-03-22","http://www.imdb.com/title/tt1232250/"
"92","tt1232249","Tue Jul 16 12:12:47 2013","Tue Jul 16 12:12:47 2013","","Breaking Bad: Grilled","TV Episode","Charles Haid","","9.2","45","2008","crime, drama, thriller","2083","2009-03-15","http://www.imdb.com/title/tt1232249/"
"91","tt1232244","Tue Jul 16 12:12:36 2013","Tue Jul 16 12:12:36 2013","","Breaking Bad: Seven Thirty-Seven","TV Episode","Bryan Cranston","","8.4","","2008","crime, drama, thriller","1792","2009-03-08","http://www.imdb.com/title/tt1232244/"
"90","tt1054729","Tue Jul 16 12:12:25 2013","Tue Jul 16 12:12:25 2013","","Breaking Bad: A No-Rough-Stuff-Type Deal","TV Episode","Tim Hunter","","8.7","48","2008","crime, drama, thriller","1920","2008-03-09","http://www.imdb.com/title/tt1054729/"
"89","tt1054728","Tue Jul 16 12:12:17 2013","Tue Jul 16 12:12:17 2013","","Breaking Bad: Crazy Handful of Nothin'","TV Episode","Bronwen Hughes","","9.1","48","2008","crime, drama, thriller","2183","2008-03-02","http://www.imdb.com/title/tt1054728/"
"88","tt1054727","Tue Jul 16 12:12:09 2013","Tue Jul 16 12:12:09 2013","","Breaking Bad: Gray Matter","TV Episode","Tricia Brock","","8.3","48","2008","crime, drama, thriller","1921","2008-02-24","http://www.imdb.com/title/tt1054727/"
"87","tt1054726","Tue Jul 16 12:12:00 2013","Tue Jul 16 12:12:00 2013","","Breaking Bad: Cancer Man","TV Episode","Jim McKay","","8.3","48","2008","crime, drama, thriller","1962","2008-02-17","http://www.imdb.com/title/tt1054726/"
"86","tt1054725","Tue Jul 16 12:11:51 2013","Tue Jul 16 12:11:51 2013","","Breaking Bad: ...And the Bag's in the River","TV Episode","Adam Bernstein","","8.6","48","2008","crime, drama, thriller","2100","2008-02-10","http://www.imdb.com/title/tt1054725/"
"85","tt1054724","Tue Jul 16 12:11:43 2013","Tue Jul 16 12:11:43 2013","","Breaking Bad: Cat's in the Bag...","TV Episode","Adam Bernstein","","8.5","48","2008","crime, drama, thriller","2247","2008-01-27","http://www.imdb.com/title/tt1054724/"
"84","tt0959621","Tue Jul 16 12:11:32 2013","Tue Jul 16 12:11:32 2013","","Breaking Bad: Pilot","TV Episode","Vince Gilligan","","8.8","57","2008","crime, drama, thriller","3237","2008-01-20","http://www.imdb.com/title/tt0959621/"
"83","tt2459398","Mon Jul 15 13:23:50 2013","Mon Jul 15 13:23:50 2013","","Elementary: Lesser Evils","TV Episode","Colin Bucksey","","7.7","","2012","crime, drama, mystery","343","2012-11-01","http://www.imdb.com/title/tt2459398/"
"82","tt2360490","Mon Jul 15 12:30:25 2013","Mon Jul 15 12:30:25 2013","","Elementary: The Rat Race","TV Episode","Rosemary Rodriguez","","7.9","","2012","crime, drama, mystery","384","2012-10-25","http://www.imdb.com/title/tt2360490/"
"81","tt2348774","Mon Jul 15 11:17:10 2013","Mon Jul 15 11:17:10 2013","","Elementary: Child Predator","TV Episode","Rod Holcomb","","8.0","","2012","crime, drama, mystery","456","2012-10-18","http://www.imdb.com/title/tt2348774/"
"80","tt2331654","Mon Jul 15 01:05:02 2013","Mon Jul 15 01:05:02 2013","","Elementary: While You Were Sleeping","TV Episode","John David Coles","","7.5","44","2012","crime, drama, mystery","475","2012-10-04","http://www.imdb.com/title/tt2331654/"
"79","tt2312764","Mon Jul 15 01:04:50 2013","Mon Jul 15 01:04:50 2013","","Elementary: Pilot","TV Episode","Michael Cuesta","","7.3","46","2012","crime, drama, mystery","770","2012-09-27","http://www.imdb.com/title/tt2312764/"
"78","tt2385581","Mon Jul 15 01:04:28 2013","Mon Jul 15 01:04:28 2013","","Homeland: Beirut Is Back","TV Episode","Michael Cuesta","","8.7","","2011","drama, mystery, thriller","1106","2012-10-07","http://www.imdb.com/title/tt2385581/"
"77","tt2844528","Sun Jul 14 04:47:58 2013","Sun Jul 14 04:47:58 2013","","Perception: Alienation","TV Episode","Greg Beeman","","7.9","","2012","crime, drama, mystery, thriller","46","2013-07-02","http://www.imdb.com/title/tt2844528/"
"76","tt1300854","Sat Jul 13 13:32:48 2013","Sat Jul 13 13:32:48 2013","","Iron Man 3","Feature Film","Shane Black","","7.5","130","2013","action, adventure, sci_fi","230682","2013-04-18","http://www.imdb.com/title/tt1300854/"
"75","tt2844522","Sat Jul 13 13:15:09 2013","Sat Jul 13 13:15:09 2013","","Perception: Ch-Ch-Changes","TV Episode","Greg Beeman","","8.3","","2012","crime, drama, mystery, thriller","74","2013-06-25","http://www.imdb.com/title/tt2844522/"
"74","tt2077489","Sat Jul 13 10:04:43 2013","Sat Jul 13 10:04:43 2013","","Perception: Light","TV Episode","Ken Biller","","8.5","","2012","crime, drama, mystery, thriller","99","2012-09-17","http://www.imdb.com/title/tt2077489/"
"73","tt2077490","Sat Jul 13 08:58:13 2013","Sat Jul 13 08:58:13 2013","","Perception: Shadow","TV Episode","Ken Biller","","8.1","","2012","crime, drama, mystery, thriller","116","2012-09-10","http://www.imdb.com/title/tt2077490/"
"72","tt2077488","Sat Jul 13 07:33:57 2013","Sat Jul 13 07:33:57 2013","","Perception: Kilimanjaro","TV Episode","Tawnia McKiernan","","8.3","","2012","crime, drama, mystery, thriller","89","2012-09-03","http://www.imdb.com/title/tt2077488/"
"71","tt2052998","Sat Jul 13 06:53:32 2013","Sat Jul 13 06:53:32 2013","","Perception: Nemesis","TV Episode","Christopher Misiano","","7.9","","2012","crime, drama, mystery, thriller","100","2012-08-27","http://www.imdb.com/title/tt2052998/"
"70","tt2027958","Sat Jul 13 06:53:08 2013","Sat Jul 13 06:53:08 2013","","Perception: Lovesick","TV Episode","Greg Beeman","","7.8","","2012","crime, drama, mystery, thriller","89","2012-08-20","http://www.imdb.com/title/tt2027958/"
"69","tt2052999","Sat Jul 13 06:52:55 2013","Sat Jul 13 06:52:55 2013","","Perception: Messenger","TV Episode","Christopher Misiano","","7.6","","2012","crime, drama, mystery, thriller","122","2012-08-06","http://www.imdb.com/title/tt2052999/"
"68","tt2052997","Sat Jul 13 06:52:41 2013","Sat Jul 13 06:52:41 2013","","Perception: Cipher","TV Episode","Deran Sarafian","","7.6","","2012","crime, drama, mystery, thriller","115","2012-07-30","http://www.imdb.com/title/tt2052997/"
"67","tt2031972","Wed Jul 10 14:26:03 2013","Wed Jul 10 14:26:03 2013","","Perception: 86'd","TV Episode","Deran Sarafian","","7.5","","2012","crime, drama, mystery, thriller","121","2012-07-23","http://www.imdb.com/title/tt2031972/"
"66","tt2027957","Wed Jul 10 14:25:53 2013","Wed Jul 10 14:25:53 2013","","Perception: Faces","TV Episode","Greg Beeman","","7.2","","2012","crime, drama, mystery, thriller","149","2012-07-16","http://www.imdb.com/title/tt2027957/"
"65","tt1923717","Wed Jul 10 11:28:26 2013","Wed Jul 10 11:28:26 2013","","Perception: Pilot","TV Episode","Alan Poul","","7.2","","2012","crime, drama, mystery, thriller","226","2012-07-09","http://www.imdb.com/title/tt1923717/"
"64","tt2062897","Tue Jul  9 14:09:40 2013","Tue Jul  9 14:09:40 2013","","Misfits: Episode #3.4","TV Episode","Alex Garcia Lopez, Wayne Che Yip","","7.9","","2009","comedy, drama, fantasy, sci_fi","314","2011-11-20","http://www.imdb.com/title/tt2062897/"
"63","tt2062896","Tue Jul  9 12:59:44 2013","Tue Jul  9 12:59:44 2013","","Misfits: Episode #3.3","TV Episode","Will Sinclair","","7.5","","2009","comedy, drama, fantasy, sci_fi","238","2011-11-13","http://www.imdb.com/title/tt2062896/"
"62","tt2057762","Mon Jul  8 13:22:34 2013","Mon Jul  8 13:22:34 2013","","Misfits: Episode #3.2","TV Episode","Alex Garcia Lopez, Wayne Che Yip","","7.9","","2009","comedy, drama, fantasy, sci_fi","259","2011-11-06","http://www.imdb.com/title/tt2057762/"
"61","tt1934753","Mon Jul  8 13:22:24 2013","Mon Jul  8 13:22:24 2013","","Misfits: Episode #3.1","TV Episode","Alex Garcia, Wayne Yip","","7.7","","2009","comedy, drama, fantasy, sci_fi","420","2011-10-30","http://www.imdb.com/title/tt1934753/"
"60","tt2063395","Sun Jul  7 14:39:58 2013","Sun Jul  7 14:39:58 2013","","Misfits: Vegas, Baby!","TV Episode","Jonathan van Tulleken","","7.3","10","2009","comedy, drama, fantasy, sci_fi","305","2011-09-15","http://www.imdb.com/title/tt2063395/"
"59","tt1719305","Sun Jul  7 12:53:13 2013","Sun Jul  7 12:53:13 2013","","Misfits: Episode #2.6","TV Episode","Owen Harris","","8.3","","2009","comedy, drama, fantasy, sci_fi","333","2010-12-16","http://www.imdb.com/title/tt1719305/"
"58","tt1112782","Sun Jul  7 10:21:11 2013","Sun Jul  7 10:21:11 2013","","Thick as Thieves","Feature Film","Mimi Leder","","5.9","104","2009","action, crime, thriller","21145","2009-01-09","http://www.imdb.com/title/tt1112782/"
"57","tt1719304","Sun Jul  7 08:50:24 2013","Sun Jul  7 08:50:24 2013","","Misfits: Episode #2.5","TV Episode","Owen Harris","","8.4","","2009","comedy, drama, fantasy, sci_fi","297","2010-12-09","http://www.imdb.com/title/tt1719304/"
"56","tt0959178","Sun Jul  7 08:19:36 2013","Sun Jul  7 08:19:36 2013","","Painkiller Jane: Piece of Mind","TV Episode","Michael Robison","","7.2","60","2007","action, sci_fi","26","2007-04-27","http://www.imdb.com/title/tt0959178/"
"55","tt0943738","Sun Jul  7 07:00:18 2013","Sun Jul  7 07:00:18 2013","","Painkiller Jane: Toy Soldiers","TV Episode","Michael Robison","","6.9","60","2007","action, sci_fi","28","2007-04-20","http://www.imdb.com/title/tt0943738/"
"54","tt0886997","Sun Jul  7 06:20:59 2013","Sun Jul  7 06:20:59 2013","","Painkiller Jane: Pilot","TV Episode","Nick Copus","","6.6","60","2007","action, sci_fi","46","2007-04-13","http://www.imdb.com/title/tt0886997/"
"53","tt2853214","Sun Jul  7 03:49:49 2013","Sun Jul  7 03:49:49 2013","","Touch: Leviathan","TV Episode","Nelson McCormick","","7.8","44","2012","drama, mystery, sci_fi","116","2013-05-10","http://www.imdb.com/title/tt2853214/"
"52","tt2887144","Sun Jul  7 02:43:18 2013","Sun Jul  7 02:43:18 2013","","Touch: Fight or Flight","TV Episode","Milan Cheylov","","8.1","44","2012","drama, mystery, sci_fi","86","2013-05-03","http://www.imdb.com/title/tt2887144/"
"51","tt2543158","Sun Jul  7 02:38:29 2013","Sun Jul  7 02:38:29 2013","","Touch: Accused","TV Episode","Adam Kane","","7.4","44","2012","drama, mystery, sci_fi","114","2013-04-26","http://www.imdb.com/title/tt2543158/"
"50","tt2578680","Sat Jul  6 09:55:57 2013","Sat Jul  6 09:55:57 2013","","Touch: Two of a Kind","TV Episode","Michael Waxman","","7.8","43","2012","drama, mystery, sci_fi","124","2013-04-05","http://www.imdb.com/title/tt2578680/"
"49","tt2738814","Sat Jul  6 08:59:04 2013","Sat Jul  6 08:59:04 2013","","Touch: Clockwork","TV Episode","Nelson McCormick","","8.1","44","2012","drama, mystery, sci_fi","128","2013-03-29","http://www.imdb.com/title/tt2738814/"
"48","tt2756120","Sat Jul  6 08:08:15 2013","Sat Jul  6 08:08:15 2013","","Touch: Reunions","TV Episode","Roxann Dawson","","7.9","43","2012","drama, mystery, sci_fi","134","2013-03-22","http://www.imdb.com/title/tt2756120/"
"47","tt2739520","Sat Jul  6 04:45:53 2013","Sat Jul  6 04:45:53 2013","","Touch: Ghosts","TV Episode","Seith Mann","","7.6","43","2012","drama, mystery, sci_fi","129","2013-03-15","http://www.imdb.com/title/tt2739520/"
"46","tt2728690","Sat Jul  6 04:45:47 2013","Sat Jul  6 04:45:47 2013","","Touch: Broken","TV Episode","Matt Earl Beesley","","7.5","44","2012","drama, mystery, sci_fi","116","2013-03-08","http://www.imdb.com/title/tt2728690/"
"45","tt2477608","Mon Jul  1 14:44:01 2013","Mon Jul  1 14:44:01 2013","","Touch: Eye to Eye","TV Episode","Milan Cheylov","","7.4","43","2012","drama, mystery, sci_fi","106","2013-03-01","http://www.imdb.com/title/tt2477608/"
"44","tt2475050","Mon Jul  1 14:43:01 2013","Mon Jul  1 14:43:01 2013","","Touch: Perfect Storm","TV Episode","Nelson McCormick","","7.5","44","2012","drama, mystery, sci_fi","108","2013-02-22","http://www.imdb.com/title/tt2475050/"
"43","tt2365854","Mon Jul  1 14:42:51 2013","Mon Jul  1 14:42:51 2013","","Touch: Enemy of My Enemy","TV Episode","Sanford Bookstaver","","7.6","44","2012","drama, mystery, sci_fi","120","2013-02-15","http://www.imdb.com/title/tt2365854/"
"42","tt2356254","Mon Jul  1 14:42:42 2013","Mon Jul  1 14:42:42 2013","","Touch: Closer","TV Episode","Michael Waxman","","7.7","43","2012","drama, mystery, sci_fi","122","2013-02-08","http://www.imdb.com/title/tt2356254/"
"41","tt2184842","Mon Jul  1 14:42:34 2013","Mon Jul  1 14:42:34 2013","","Touch: Event Horizon","TV Episode","Nelson McCormick","","7.5","44","2012","drama, mystery, sci_fi","159","2013-02-08","http://www.imdb.com/title/tt2184842/"
"40","tt2364992","Mon Jul  1 14:42:19 2013","Mon Jul  1 14:42:19 2013","","Touch: The Road Not Taken","TV Episode","Nelson McCormick","","7.2","43","2012","drama, mystery, sci_fi","168","2012-09-14","http://www.imdb.com/title/tt2364992/"
"39","tt2392307","Mon Jul  1 14:42:04 2013","Mon Jul  1 14:42:04 2013","","Touch: Gyre, Part 2","TV Episode","Greg Beeman","","7.9","44","2012","drama, mystery, sci_fi","242","2012-05-31","http://www.imdb.com/title/tt2392307/"
"38","tt2337663","Mon Jul  1 14:41:36 2013","Mon Jul  1 14:41:36 2013","","Touch: Gyre, Part 1","TV Episode","Nelson McCormick","","7.5","44","2012","drama, mystery, sci_fi","230","2012-05-31","http://www.imdb.com/title/tt2337663/"
"37","tt2084390","Sun Jun 30 12:52:53 2013","Sun Jun 30 12:52:53 2013","","Homeland: Marine One","TV Episode","Michael Cuesta","","8.8","84","2011","drama, mystery, thriller","1259","2011-12-18","http://www.imdb.com/title/tt2084390/"
"36","tt0107818","Sun Jun 30 12:52:08 2013","Sun Jun 30 12:52:08 2013","","Philadelphia","Feature Film","Jonathan Demme","","7.6","125","1993","drama","125500","1993-12-23","http://www.imdb.com/title/tt0107818/"
"35","tt2379605","Sun Jun 30 12:51:25 2013","Sun Jun 30 12:51:25 2013","","Touch: Tessellations","TV Episode","Jon Cassar","","7.4","44","2012","drama, mystery, sci_fi","216","2012-05-17","http://www.imdb.com/title/tt2379605/"
"34","tt2379603","Sun Jun 30 12:51:06 2013","Sun Jun 30 12:51:06 2013","","Touch: Music of the Spheres","TV Episode","Michael Waxman","","7.3","44","2012","drama, mystery, sci_fi","225","2012-05-10","http://www.imdb.com/title/tt2379603/"
"33","tt1645155","Sun Jun 30 04:49:39 2013","Sun Jun 30 04:49:39 2013","","Erased","Feature Film","Philipp Stlzl","","6.0","100","2012","action, thriller","11082","2012-08-23","http://www.imdb.com/title/tt1645155/"
"32","tt2380789","Sat Jun 29 14:40:22 2013","Sat Jun 29 14:40:22 2013","","Person of Interest: Firewall","TV Episode","Richard J. Lewis","","8.6","44","2011","action, drama, mystery, thriller","1505","2012-05-17","http://www.imdb.com/title/tt2380789/"
"31","tt2084389","Sat Jun 29 13:06:26 2013","Sat Jun 29 13:06:26 2013","","Homeland: The Vest","TV Episode","Clark Johnson","","8.5","54","2011","drama, mystery, thriller","903","2011-12-11","http://www.imdb.com/title/tt2084389/"
"30","tt2898966","Sat Jun 29 12:42:32 2013","Sat Jun 29 12:42:32 2013","","Burn Notice: Brothers in Arms","TV Episode","Dennie Gordon","","8.6","","2007","action, crime, drama, mystery, thriller","79","2013-06-27","http://www.imdb.com/title/tt2898966/"
"29","tt2362873","Sat Jun 22 14:19:58 2013","Sat Jun 22 14:19:58 2013","","Touch: Noosphere Rising","TV Episode","Gwyneth Horder Payton","","7.3","44","2012","drama, mystery, sci_fi","268","2012-04-26","http://www.imdb.com/title/tt2362873/"
"28","tt2362869","Sat Jun 22 14:09:36 2013","Sat Jun 22 14:09:36 2013","","Touch: Lost & Found","TV Episode","Stephen Williams","","7.3","44","2012","drama, mystery, sci_fi","260","2012-04-19","http://www.imdb.com/title/tt2362869/"
"27","tt2156533","Sat Jun 22 14:09:21 2013","Sat Jun 22 14:09:21 2013","","Touch: Entanglement","TV Episode","Milan Cheylov","","7.7","43","2012","drama, mystery, sci_fi","396","2012-04-12","http://www.imdb.com/title/tt2156533/"
"26","tt2318197","Sat Jun 22 14:08:59 2013","Sat Jun 22 14:08:59 2013","","Touch: Kite Strings","TV Episode","Tucker Gates","","7.7","44","2012","drama, mystery, sci_fi","347","2012-04-05","http://www.imdb.com/title/tt2318197/"
"25","tt2318197","Sat Jun 22 07:20:35 2013","Sat Jun 22 07:20:35 2013","","Touch: Kite Strings","TV Episode","Tucker Gates","","7.7","44","2012","drama, mystery, sci_fi","347","2012-04-05","http://www.imdb.com/title/tt2318197/"
"24","tt2156535","Sat Jun 22 06:49:34 2013","Sat Jun 22 06:49:34 2013","","Touch: Safety in Numbers","TV Episode","Stephen Williams","","7.8","44","2012","drama, mystery, sci_fi","575","2012-03-29","http://www.imdb.com/title/tt2156535/"
"23","tt2846880","Fri Jun 21 13:59:27 2013","Fri Jun 21 13:59:27 2013","","Burn Notice: Forget Me Not","TV Episode","Jeffrey Donovan","9","8.5","","2007","action, crime, drama, mystery, thriller","115","2013-06-13","http://www.imdb.com/title/tt2846880/"
"22","tt1796960","Fri Jun 21 12:55:40 2013","Fri Jun 21 12:55:40 2013","","Homeland","TV Series","","6","8.6","60","2011","drama, mystery, thriller","100418","2011-10-02","http://www.imdb.com/title/tt1796960/"
"21","tt2041952","Fri Jun 21 12:37:55 2013","Fri Jun 21 12:37:55 2013","","Homeland: Achilles Heel","TV Episode","Tucker Gates","","8.2","49","2011","drama, mystery, thriller","853","2011-11-20","http://www.imdb.com/title/tt2041952/"
"20","tt2288524","Thu Jun 20 08:08:30 2013","Thu Jun 20 08:08:30 2013","","True Blood: Who Are You, Really?","TV Episode","Stephen Moyer","","8.1","","2008","drama, fantasy, mystery, romance, thriller","818","2013-06-16","http://www.imdb.com/title/tt2288524/"
"19","tt2043149","Wed Jun 19 14:14:38 2013","Wed Jun 19 14:14:38 2013","","Homeland: The Weekend","TV Episode","Michael Cuesta","","8.7","58","2011","drama, mystery, thriller","1021","2011-11-13","http://www.imdb.com/title/tt2043149/"
"18","tt0944947","Thu May 30 12:42:07 2013","Thu May 30 12:42:07 2013","","Game of Thrones","TV Series","","7","9.4","60","2011","adventure, drama, fantasy","401544","2011-04-17","http://www.imdb.com/title/tt0944947/"
"17","tt0944947","Thu May 30 12:41:56 2013","Thu May 30 12:41:56 2013","","Game of Thrones","TV Series","","7","9.4","60","2011","adventure, drama, fantasy","401544","2011-04-17","http://www.imdb.com/title/tt0944947/"
"16","tt2070791","Thu May 30 12:41:05 2013","Thu May 30 12:41:05 2013","","Revolution","TV Series","","8","6.4","","2012","action, adventure, drama, sci_fi","38193","2012-09-17","http://www.imdb.com/title/tt2070791/"
"15","tt2193021","Tue Jan  1 16:17:01 2013","Tue Jan  1 16:17:01 2013","","Arrow","TV Series","","8","8.1","42","2012","action, adventure, crime, drama, mystery, sci_fi","78884","2012-10-10","http://www.imdb.com/title/tt2193021/"
"14","tt2193021","Tue Jan  1 16:15:35 2013","Tue Jan  1 16:15:35 2013","","Arrow","TV Series","","8","8.1","42","2012","action, adventure, crime, drama, mystery, sci_fi","78884","2012-10-10","http://www.imdb.com/title/tt2193021/"
"13","tt2310526","Mon Dec 31 12:04:28 2012","Mon Dec 31 12:04:28 2012","","Suits: High Noon","TV Episode","Kevin Bray","","8.7","","2011","comedy, drama","709","2012-08-23","http://www.imdb.com/title/tt2310526/"
"12","tt0735185","Mon Dec 31 12:01:36 2012","Mon Dec 31 12:01:36 2012","","Two and a Half Men: The Last Thing You Want Is to Wind Up with a Hump","TV Episode","Andy Ackerman","","7.9","19","2003","comedy","376","2003-10-20","http://www.imdb.com/title/tt0735185/"
"11","tt0735185","Mon Dec 31 11:57:56 2012","Mon Dec 31 11:57:56 2012","","Two and a Half Men: The Last Thing You Want Is to Wind Up with a Hump","TV Episode","Andy Ackerman","","7.9","19","2003","comedy","376","2003-10-20","http://www.imdb.com/title/tt0735185/"
"10","tt0735162","Mon Dec 31 11:57:45 2012","Mon Dec 31 11:57:45 2012","","Two and a Half Men: If I Can't Write My Chocolate Song, I'm Going to Take a Nap","TV Episode","Andy Ackerman","","7.9","22","2003","comedy","393","2003-10-13","http://www.imdb.com/title/tt0735162/"
"9","tt0735162","Mon Dec 31 11:57:34 2012","Mon Dec 31 11:57:34 2012","","Two and a Half Men: If I Can't Write My Chocolate Song, I'm Going to Take a Nap","TV Episode","Andy Ackerman","","7.9","22","2003","comedy","393","2003-10-13","http://www.imdb.com/title/tt0735162/"
"8","tt0735155","Mon Dec 31 11:57:24 2012","Mon Dec 31 11:57:24 2012","","Two and a Half Men: Go East on Sunset Until You Reach the Gates of Hell","TV Episode","Andy Ackerman","","7.7","22","2003","comedy","416","2003-10-06","http://www.imdb.com/title/tt0735155/"
"7","tt0766147","Mon Dec 31 11:57:07 2012","Mon Dec 31 11:57:07 2012","","Two and a Half Men: Big Flappy Bastards","TV Episode","Andy Ackerman","","7.8","22","2003","comedy","439","2003-09-29","http://www.imdb.com/title/tt0766147/"
"6","tt0735172","Mon Dec 31 11:56:54 2012","Mon Dec 31 11:56:54 2012","","Two and a Half Men: Pilot","TV Episode","James Burrows","","8.2","23","2003","comedy","584","2003-09-22","http://www.imdb.com/title/tt0735172/"
"5","tt0906536","Mon Dec 31 11:56:37 2012","Mon Dec 31 11:56:37 2012","","Two and a Half Men: Most Chicks Won't Eat Veal: Original Pilot","TV Episode","James Burrows","","8.1","","2003","comedy","452","2003-09-22","http://www.imdb.com/title/tt0906536/"
"4","tt0906536","Mon Dec 31 11:56:25 2012","Mon Dec 31 11:56:25 2012","","Two and a Half Men: Most Chicks Won't Eat Veal: Original Pilot","TV Episode","James Burrows","","8.1","","2003","comedy","452","2003-09-22","http://www.imdb.com/title/tt0906536/"
"3","tt1196946","Sat Feb 25 06:23:57 2012","Sat Feb 25 06:23:57 2012","","The Mentalist","TV Series","","7","7.9","43","2008","crime, drama, mystery, thriller","65351","2008-09-23","http://www.imdb.com/title/tt1196946/"
"2","tt0412142","Sat Feb 25 06:23:15 2012","Sat Feb 25 06:23:15 2012","","House M.D.","TV Series","","8","8.6","45","2004","drama, mystery","120406","2004-11-16","http://www.imdb.com/title/tt0412142/"
"1","tt1119644","Sat Feb 11 06:48:48 2012","Sat Feb 11 06:48:48 2012","","Fringe","TV Series","","7","8.4","60","2008","drama, mystery, sci_fi, thriller","98857","2008-09-09","http://www.imdb.com/title/tt1119644/"
